{
  "r2_score": 0.7964725494384766,
  "rmse": 0.12905020334256576,
  "mae": 0.10533885657787323,
  "mape": 0.03384975716471672,
  "direction_accuracy": 60.93189964157706,
  "threshold_accuracy": 54.64285714285714
}